<events>
  <event>
    <name>teste</name>
    <datetime>20-12-201616:6</datetime>
    <location>teste</location>
    <description>teste</description>
    <creator>admin@edc.com</creator>
    <participants>
      <participant>admin@edc.com</participant>
      <participant>user@edc.com</participant>
    </participants>
  </event>
  <event>
    <name>teste</name>
    <datetime>20-12-201616:6</datetime>
    <location>teste</location>
    <description>teste</description>
    <creator>admin@edc.com</creator>
    <participants>
      <participant>admin@edc.com</participant>
      <participant>toipacoelho@gmail.com</participant>
      <participant>user@edc.com</participant>
    </participants>
  </event>
</events>